,Progress,Duration (in seconds),Finished,ResponseId,Q1.1_4,Q1.2,Q1.3_1,Q1.3_2,Q1.3_3,Q2.1,Q2.2_1,Q2.2_2,Q2.2_3,Q2.2_15,Q2.2_16,Q2.2_4,Q2.2_5,Q2.2_6,Q2.2_7,Q2.2_8,Q2.2_17,Q2.2_9,Q2.2_10,Q2.2_11,Q2.2_12,Q2.2_13,Q2.2_14,Q2.2_18,Q2.2_3_TEXT,Q2.2_5_TEXT,Q2.2_9_TEXT,Q2.2_14_TEXT,Q2.3,Q2.4_1,Q2.4_2,Q2.4_3,Q2.4_4,Q2.4_5,Q2.4_6,Q2.4_7,Q2.4_8,Q2.4_9,Q2.4_10,Q2.4_11,Q2.4_4_TEXT,Q2.4_8_TEXT,Q2.4_11_TEXT,Q2.5,Q3.1,Q3.1_4_TEXT,Q3.1.1,Q3.1.2,Q3.1.2_11_TEXT,Q3.2_1,Q3.2_2,Q3.2_3,Q3.2_4,Q3.2_5,Q3.2_6,Q3.2_7,Q3.2_8,Q3.2_9,Q3.2_10,Q3.2_11,Q3.2_12,Q3.2_13,Q3.2_14,Q3.2_15,Q3.2_16,Q3.2_5_TEXT,Q3.2_10_TEXT,Q3.2_13_TEXT,Q3.2_16_TEXT,Q3.3,Q4.1,Q4.2#1_1_1,Q4.2#1_1_2,Q4.2#1_1_3,Q4.2#1_1_4,Q4.2#1_1_5,Q4.2#1_2_1,Q4.2#1_2_2,Q4.2#1_2_3,Q4.2#1_2_4,Q4.2#1_2_5,Q4.2#1_3_1,Q4.2#1_3_2,Q4.2#1_3_3,Q4.2#1_3_4,Q4.2#1_3_5,Q4.2#1_4_1,Q4.2#1_4_2,Q4.2#1_4_3,Q4.2#1_4_4,Q4.2#1_4_5,Q4.2#1_5_1,Q4.2#1_5_2,Q4.2#1_5_3,Q4.2#1_5_4,Q4.2#1_5_5,Q4.2#1_6_1,Q4.2#1_6_2,Q4.2#1_6_3,Q4.2#1_6_4,Q4.2#1_6_5,Q4.2#1_6_TEXT,Q4.2#2_1_1,Q4.2#2_2_1,Q4.2#2_3_1,Q4.2#2_4_1,Q4.2#2_5_1,Q4.2#2_6_TEXT,Q4.2#2_6_1,Q4.2.1,Q4.3#1_1_1,Q4.3#1_1_2,Q4.3#1_1_3,Q4.3#1_1_4,Q4.3#1_1_5,Q4.3#1_2_1,Q4.3#1_2_2,Q4.3#1_2_3,Q4.3#1_2_4,Q4.3#1_2_5,Q4.3#1_3_1,Q4.3#1_3_2,Q4.3#1_3_3,Q4.3#1_3_4,Q4.3#1_3_5,Q4.3#1_3_TEXT,Q4.3#2_1_1,Q4.3#2_2_1,Q4.3#2_3_TEXT,Q4.3#2_3_1,Q4.3.1,Q4.4#1_1_1,Q4.4#1_1_2,Q4.4#1_1_3,Q4.4#1_1_4,Q4.4#1_1_5,Q4.4#1_2_1,Q4.4#1_2_2,Q4.4#1_2_3,Q4.4#1_2_4,Q4.4#1_2_5,Q4.4#1_2_TEXT,Q4.4#2_1_1,Q4.4#2_2_TEXT,Q4.4#2_2_1,Q4.4.1,Q5.1_1,Q5.1_2,Q5.1_3,Q5.1_4,Q5.1_5,Q5.1_6,Q5.1_7,Q5.1_8,Q5.1_9,Q5.1_10,Q5.1_10_TEXT,Q5.1.1,Q5.2#1_1_1,Q5.2#1_1_2,Q5.2#1_1_3,Q5.2#1_1_4,Q5.2#1_1_5,Q5.2#1_2_1,Q5.2#1_2_2,Q5.2#1_2_3,Q5.2#1_2_4,Q5.2#1_2_5,Q5.2#1_3_1,Q5.2#1_3_2,Q5.2#1_3_3,Q5.2#1_3_4,Q5.2#1_3_5,Q5.2#1_3_TEXT,Q5.2#2_1_1,Q5.2#2_2_1,Q5.2#2_3_TEXT,Q5.2#2_3_1,Q5.2.1,Q5.3#1_1_1,Q5.3#1_1_2,Q5.3#1_1_3,Q5.3#1_1_4,Q5.3#1_1_5,Q5.3#1_2_1,Q5.3#1_2_2,Q5.3#1_2_3,Q5.3#1_2_4,Q5.3#1_2_5,Q5.3#1_3_1,Q5.3#1_3_2,Q5.3#1_3_3,Q5.3#1_3_4,Q5.3#1_3_5,Q5.3#1_4_1,Q5.3#1_4_2,Q5.3#1_4_3,Q5.3#1_4_4,Q5.3#1_4_5,Q5.3#1_4_TEXT,Q5.3#2_1_1,Q5.3#2_2_1,Q5.3#2_3_1,Q5.3#2_4_TEXT,Q5.3#2_4_1,Q5.3.1,Q5.4#1_1_1,Q5.4#1_1_2,Q5.4#1_1_3,Q5.4#1_1_4,Q5.4#1_1_5,Q5.4#1_2_1,Q5.4#1_2_2,Q5.4#1_2_3,Q5.4#1_2_4,Q5.4#1_2_5,Q5.4#1_3_1,Q5.4#1_3_2,Q5.4#1_3_3,Q5.4#1_3_4,Q5.4#1_3_5,Q5.4#1_3_TEXT,Q5.4#2_1_1,Q5.4#2_2_1,Q5.4#2_3_TEXT,Q5.4#2_3_1,Q5.4.1,Q5.5#1_1_1,Q5.5#1_1_2,Q5.5#1_1_3,Q5.5#1_1_4,Q5.5#1_1_5,Q5.5#1_2_1,Q5.5#1_2_2,Q5.5#1_2_3,Q5.5#1_2_4,Q5.5#1_2_5,Q5.5#1_3_1,Q5.5#1_3_2,Q5.5#1_3_3,Q5.5#1_3_4,Q5.5#1_3_5,Q5.5#1_4_1,Q5.5#1_4_2,Q5.5#1_4_3,Q5.5#1_4_4,Q5.5#1_4_5,Q5.5#1_5_1,Q5.5#1_5_2,Q5.5#1_5_3,Q5.5#1_5_4,Q5.5#1_5_5,Q5.5#1_6_1,Q5.5#1_6_2,Q5.5#1_6_3,Q5.5#1_6_4,Q5.5#1_6_5,Q5.5#1_7_1,Q5.5#1_7_2,Q5.5#1_7_3,Q5.5#1_7_4,Q5.5#1_7_5,Q5.5#1_7_TEXT,Q5.5#2_1_1,Q5.5#2_2_1,Q5.5#2_3_1,Q5.5#2_4_1,Q5.5#2_5_1,Q5.5#2_6_1,Q5.5#2_7_TEXT,Q5.5#2_7_1,Q5.5.1,Q5.6#1_1_1,Q5.6#1_1_2,Q5.6#1_1_3,Q5.6#1_1_4,Q5.6#1_1_5,Q5.6#1_2_1,Q5.6#1_2_2,Q5.6#1_2_3,Q5.6#1_2_4,Q5.6#1_2_5,Q5.6#1_3_1,Q5.6#1_3_2,Q5.6#1_3_3,Q5.6#1_3_4,Q5.6#1_3_5,Q5.6#1_4_1,Q5.6#1_4_2,Q5.6#1_4_3,Q5.6#1_4_4,Q5.6#1_4_5,Q5.6#1_5_1,Q5.6#1_5_2,Q5.6#1_5_3,Q5.6#1_5_4,Q5.6#1_5_5,Q5.6#1_6_1,Q5.6#1_6_2,Q5.6#1_6_3,Q5.6#1_6_4,Q5.6#1_6_5,Q5.6#1_7_1,Q5.6#1_7_2,Q5.6#1_7_3,Q5.6#1_7_4,Q5.6#1_7_5,Q5.6#1_7_TEXT,Q5.6#2_1_1,Q5.6#2_2_1,Q5.6#2_3_1,Q5.6#2_4_1,Q5.6#2_5_1,Q5.6#2_6_1,Q5.6#2_7_TEXT,Q5.6#2_7_1,Q5.6.1,Q6.1,Unnamed: 384
R3,100,1428,1,R_2fDw06TIf64FGoq,-99,4,>20,>10,<5,https://doi.org/10.5281/zenodo.10566775,0,1,1,1,0,0,0,0,1,1,,0,0,0,1,1,0,,machine learning,-99,-99,-99,Anomaly detection,0,0,0,1,0,0,0,1,0,0,0,JSON,SAREF,-99,1,3,-99,,,,1,1,0,0,0,1,1,0,1,0,0,0,0,0,1,0,-99,-99,-99,-99,-99,https://doi.org/10.5281/zenodo.3471805,1,0,1,0,0,1,0,1,0,0,1,0,1,0,0,1,0,0,0,0,1,0,1,0,0,-99,-99,-99,-99,-99,-99,-99,-99,-99,-99,-99,-99,-99,-99,1,0,0,0,0,1,0,0,0,0,-99,-99,-99,-99,-99,-99,-99,-99,-99,-99,-99,1,0,0,0,0,-99,-99,-99,-99,-99,-99,ticket system,-99,-99,-99,1,0,1,1,1,0,1,0,0,0,-99,,1,0,0,0,0,1,0,0,0,0,-99,-99,-99,-99,-99,-99,-99,-99,-99,-99,-99,1,0,0,0,0,1,0,0,0,0,0,0,0,0,1,-99,-99,-99,-99,-99,-99,-99,-99,-99,-99,-99,-99,1,0,0,0,0,0,0,0,0,1,-99,-99,-99,-99,-99,-99,-99,-99,-99,-99,-99,0,0,0,0,1,1,0,0,0,0,-99,-99,-99,-99,-99,0,0,0,0,1,-99,-99,-99,-99,-99,-99,-99,-99,-99,-99,-99,-99,-99,-99,-99,-99,-99,-99,-99,-99,-99,-99,-99,-99,-99,1,0,0,0,0,1,0,0,0,0,1,0,0,0,0,0,0,0,0,1,1,0,0,0,0,1,0,0,0,0,-99,-99,-99,-99,-99,-99,-99,-99,-99,-99,-99,-99,-99,-99,-99,-99,
R4,90,32526,0,R_80O0KIhKwJggLim,20,4,10,20,4,ERA,-99,-99,-99,-99,-99,-99,-99,-99,-99,-99,,-99,-99,-99,-99,-99,-99,,-99,-99,-99,-99,-99,-99,-99,-99,-99,-99,-99,-99,-99,-99,-99,-99,-99,-99,-99,1,-99,-99,-99,,,-99,-99,-99,-99,-99,-99,-99,-99,-99,-99,-99,-99,-99,-99,-99,-99,-99,-99,-99,-99,-99,-99,-99,-99,-99,-99,-99,-99,-99,-99,-99,-99,-99,-99,-99,-99,-99,-99,-99,-99,-99,-99,-99,-99,-99,-99,-99,-99,-99,-99,-99,-99,-99,-99,-99,-99,-99,-99,-99,-99,-99,-99,-99,-99,-99,-99,-99,-99,-99,-99,-99,-99,-99,-99,-99,-99,-99,-99,-99,-99,-99,-99,-99,-99,-99,-99,-99,-99,-99,-99,-99,-99,-99,-99,-99,-99,-99,-99,-99,-99,-99,-99,-99,-99,-99,-99,-99,-99,,-99,-99,-99,-99,-99,-99,-99,-99,-99,-99,-99,-99,-99,-99,-99,-99,-99,-99,-99,-99,-99,-99,-99,-99,-99,-99,-99,-99,-99,-99,-99,-99,-99,-99,-99,-99,-99,-99,-99,-99,-99,-99,-99,-99,-99,-99,-99,-99,-99,-99,-99,-99,-99,-99,-99,-99,-99,-99,-99,-99,-99,-99,-99,-99,-99,-99,-99,-99,-99,-99,-99,-99,-99,-99,-99,-99,-99,-99,-99,-99,-99,-99,-99,-99,-99,-99,-99,-99,-99,-99,-99,-99,-99,-99,-99,-99,-99,-99,-99,-99,-99,-99,-99,-99,-99,-99,-99,-99,-99,-99,-99,-99,-99,-99,-99,-99,-99,-99,-99,-99,-99,-99,-99,-99,-99,-99,-99,-99,-99,-99,-99,-99,-99,-99,-99,-99,-99,-99,-99,-99,-99,-99,-99,-99,-99,-99,-99,-99,-99,-99,-99,-99,-99,-99,-99,-99,-99,-99,-99,,
R5,100,2150,1,R_3ymGHQxelXfwfiF,1,3,1,1,0,https://zenodo.org/records/13895534,1,1,0,0,0,1,0,0,1,0,0,0,0,1,0,1,0,0,-99,-99,-99,-99,-99,0,0,0,0,0,0,0,1,1,0,1,-99,"eg., document urls or ids connected to semantic scholar database","eg., snippets or sentences from the scholarly articles",1,4,I used part of existing ontologies where the propoerties or classes were useful for the purpose of my task and engineered my own classes and propoerties to make it complete and useful for our task,1,,,1,1,0,1,0,1,1,1,1,0,0,1,0,0,1,0,-99,-99,-99,-99,-99,Automated,0,1,1,1,0,0,0,1,0,0,0,0,1,0,0,0,0,0,0,1,0,0,0,0,1,-99,-99,-99,-99,-99,-99,"this step described in detail in the resource paper, since creation of this data is a human-ai collaboration process with multi step annotation pipeline",-99,-99,Not sure about this generation task,I tried to query the data using different simple to complex sparql queries and verified the results manually,-99,-99,,1,0,0,0,0,1,0,0,0,0,-99,-99,-99,-99,-99,-99,-99,-99,-99,-99,,0,0,0,0,1,-99,-99,-99,-99,-99,-99,-99,-99,-99,,1,0,0,1,0,0,1,0,0,0,-99,,1,1,1,0,0,0,0,0,0,1,-99,-99,-99,-99,-99,-99,-99,-99,-99,-99,,1,1,1,0,0,1,0,0,0,0,0,0,0,0,1,-99,-99,-99,-99,-99,-99,-99,-99,-99,-99,-99,,0,0,0,0,1,0,0,0,0,1,-99,-99,-99,-99,-99,-99,-99,-99,-99,-99,,1,0,0,0,0,1,0,0,0,0,1,0,0,0,0,0,0,0,0,1,0,0,0,0,1,0,0,0,0,1,-99,-99,-99,-99,-99,-99,-99,-99,-99,-99,-99,-99,-99,-99,,1,0,0,0,0,1,0,0,0,0,1,0,0,0,0,1,0,0,0,0,1,0,0,0,0,1,0,0,0,0,-99,-99,-99,-99,-99,-99,-99,-99,-99,-99,-99,-99,-99,-99,,"I focused primarily on building the data pipeline to curate datasets used for fine-tuning or training models for various tasks, with the resulting resource mapped to the RDF format. While significant effort was dedicated to developing an ontology useful for new use cases and analyses, as well as its potential integration with existing ontologies or systems, maintaining and refining it through competency questions was beyond the scope of this work.",
R6,100,41126,1,R_8GCBsru2z3sC4jO,6,4,6,3,2,-99,1,1,0,0,0,1,0,1,0,0,1,0,1,1,1,1,0,0,-99,-99,-99,-99,-99,1,0,1,1,1,0,0,0,1,1,0,"JSON, XML, YAML",-99,-99,1,1,-99,2,2,-99,1,1,1,0,0,1,1,1,1,0,1,1,0,1,1,0,-99,-99,-99,-99,-99,Manual + Automated : see details in https://ceur-ws.org/Vol-3471/paper3.pdf,0,1,1,0,0,1,1,0,0,0,1,1,1,0,0,1,1,0,0,0,0,1,1,0,0,-99,-99,-99,-99,-99,-99,-99,Hand made,-99,Hand made based on formalized requirements,Hand made based on formalized requirements,-99,-99,,1,0,1,0,0,1,0,1,0,0,-99,-99,-99,-99,-99,-99,-99,See details in https://ceur-ws.org/Vol-3471/paper3.pdf,-99,-99,,0,1,1,0,0,-99,-99,-99,-99,-99,-99,-99,-99,-99,,1,1,1,1,1,1,1,1,0,0,-99,,1,1,0,0,0,1,1,1,0,0,-99,-99,-99,-99,-99,-99,-99,-99,-99,-99,,1,0,0,0,0,1,1,1,0,0,0,0,0,0,1,-99,-99,-99,-99,-99,-99,-99,-99,-99,-99,-99,,1,0,0,0,0,1,0,0,0,0,-99,-99,-99,-99,-99,-99,-99,-99,-99,-99,,1,1,0,0,0,0,0,0,0,1,1,1,0,0,0,1,1,0,0,0,0,0,0,0,1,1,1,0,0,0,-99,-99,-99,-99,-99,-99,-99,-99,-99,-99,-99,-99,-99,-99,,1,1,0,0,0,0,0,0,0,1,1,1,0,0,0,1,1,0,0,0,0,0,0,0,1,1,1,0,0,0,-99,-99,-99,-99,-99,-99,-99,-99,-99,-99,-99,-99,-99,-99,,"Interesting works such as IncRML or ""Propagating Ontology Changes to Declarative Mappings in Construction of Knowledge Graphs"" (KGCW 2024) are available for our purposes. However they are not sufficiently mature to be operationalized, hence requiring further company internal experiments and developments to be done before being able to provide a sustainable feedback on their relevancy.",
R8,100,3999,1,R_5EDOCXpxFOjA4ZH,2.5,3,4,1,17,https://2024.eswc-conferences.org/wp-content/uploads/2024/04/146640248.pdf,1,0,0,0,1,0,0,0,0,0,0,0,0,0,1,0,0,0,-99,-99,-99,-99,-99,0,0,0,1,0,0,0,0,0,0,0,XML-Files,-99,-99,1,1,-99,2,6,-99,1,1,1,0,0,1,0,1,1,0,1,1,0,1,1,0,-99,-99,-99,-99,-99,-99,1,1,1,0,0,1,0,1,0,0,1,0,1,0,0,1,1,0,0,0,1,1,0,0,0,-99,-99,-99,-99,-99,-99,-99,-99,-99,-99,-99,-99,-99,,1,1,0,0,0,1,1,0,0,0,-99,-99,-99,-99,-99,-99,-99,-99,-99,-99,,1,0,0,0,0,-99,-99,-99,-99,-99,-99,-99,-99,-99,,1,1,0,0,1,0,1,1,0,0,-99,,1,0,0,0,0,1,0,1,0,0,-99,-99,-99,-99,-99,-99,-99,-99,-99,-99,,1,0,1,0,0,1,0,1,0,0,0,0,0,0,1,-99,-99,-99,-99,-99,-99,-99,-99,-99,-99,-99,,0,0,0,0,1,0,0,0,0,1,-99,-99,-99,-99,-99,-99,-99,-99,-99,-99,,1,1,1,0,0,0,0,0,0,1,1,0,0,0,0,1,1,0,0,0,0,0,0,0,1,1,0,1,0,0,-99,-99,-99,-99,-99,-99,-99,-99,-99,-99,-99,-99,-99,-99,,1,0,0,0,0,0,0,0,0,1,1,0,1,0,0,1,0,0,0,0,0,0,0,0,1,1,0,1,0,0,-99,-99,-99,-99,-99,-99,-99,-99,-99,-99,-99,-99,-99,-99,,-99,
R9,100,5559,1,R_2PGZFxSlZDViOaQ,3,3,2,2,1,https://zenodo.org/records/13943296,1,1,1,1,0,0,1,0,1,0,0,0,0,0,1,1,0,0,Geographical aggregations,sameAs inferencing,-99,-99,  ,0,0,1,1,1,0,0,1,0,0,0,gml and json API responses ,Geonames,-99,1,4,I reused and extended existing ontologies without compromising the original semantics (which are under someone else's authority).,2,11,"A combined methodology for data integration rather than for ontologies only. With components from LOT, pay as you go by Sequeda and knowledge graph construction by Radulovic. ",1,1,0,0,1,1,1,1,1,0,1,1,0,1,1,1,"I identified Concepts, Attributes and Relationships appearing in both the datasources' attributes and use case definition.",-99,-99,Ontology verification through queries,Naming strategy,"Pay as you go by Sequeda, and the guidelines by Radulovic.",1,0,1,0,0,1,0,0,0,0,1,0,1,0,0,1,1,1,0,0,1,1,0,0,0,1,1,0,0,0,"Extraction, access and load ",This task put in evidence the need of a preprocessing ontology. Openrefine's JSON operations were used in batch.,-99,-99,Instead of starting from scratch I used Astrea to get shapes from the ontology and complemented with other manually defined.,-99,"Extraction, access and load ",-99,"Extraction and accessing mechanisms, loading and service platform development and production.",1,1,1,0,0,1,0,0,0,0,1,0,0,0,0,Fairness check and access policies,-99,-99,Fairness check and access policies,It was not done but fairness check and access policies were commented as a future work.,FAIRness checking and accessing policies definition and configuration.,1,1,0,0,0,1,1,0,0,0,New variables (and/or data sources) as requirements.,Some efforts were put to generate DAGs to automate the regeneration of the KG everytime a change in some configuration or dataset existed.,New variables (and/or data sources) as requirements.,The pay as you go methodology components encouraged us to progresively include new variables and update the KG frequently.,The pay as you go methodology components encouraged us to progresively include new variables and/or data sources as requirements forcing updating the KG frequently.,1,1,1,1,1,1,1,1,0,1,"Different access levels, parts of the knowledge graph are public and some are private within the same KG. Or access is granted by aggregation level. ",,1,1,0,0,0,1,0,0,0,0,-99,-99,-99,-99,-99,-99,-99,-99,-99,-99,,1,1,0,0,0,1,0,0,0,0,1,0,0,0,0,-99,-99,-99,-99,-99,-99,-99,-99,-99,-99,-99,,0,0,0,0,1,0,0,0,0,1,-99,-99,-99,-99,-99,-99,-99,-99,-99,-99,,1,0,0,0,0,1,0,1,0,0,1,0,1,0,0,1,0,0,0,0,0,0,0,0,1,1,0,0,0,0,-99,-99,-99,-99,-99,-99,-99,Only as a proof of concept regenerating all the triples from the datasource affected,Even though one dataset was modified the triplestore was programmed to rebuild the whole KG,-99,-99,-99,-99,-99,,1,0,0,0,0,1,0,0,0,0,1,0,0,0,0,1,0,0,0,0,0,0,0,0,1,1,0,0,0,0,-99,-99,-99,-99,-99,-99,-99,-99,-99,-99,-99,-99,-99,-99,, Anonymization bearing in mind multiple geographical scales and aggregated data validation were quite interesting future work topics to deal with. ,
R10,100,1115,1,R_8aEtQp82IKJQwxE,5,4,1,1,0,http://w3id.org/deliberation/ontology,0,0,1,0,1,0,0,0,0,0,0,1,0,0,0,0,1,0,Aggregate ,-99,"Sentiment Analysis, Fallacy detection","Sentiment Analysis, Fallacy detection",-99,0,0,1,1,1,0,0,0,0,0,1,JSON,-99,eParticipation arguments and verbatim of parliamentary debates,1,2,-99,2,2,-99,1,1,1,0,0,0,0,0,0,0,0,0,0,0,0,0,-99,-99,-99,-99,-99,-99,1,0,1,1,0,1,0,1,1,0,-99,-99,-99,-99,-99,1,0,1,1,0,1,0,1,1,0,-99,-99,-99,-99,-99,-99,-99,-99,-99,-99,-99,-99,-99,,1,0,1,1,0,1,0,1,1,0,-99,-99,-99,-99,-99,-99,-99,-99,-99,-99,,-99,-99,-99,-99,-99,-99,-99,-99,-99,-99,-99,-99,-99,-99,,1,0,1,1,1,1,1,1,0,0,-99,,-99,-99,-99,-99,-99,-99,-99,-99,-99,-99,-99,-99,-99,-99,-99,-99,-99,-99,-99,-99,,-99,-99,-99,-99,-99,-99,-99,-99,-99,-99,-99,-99,-99,-99,-99,-99,-99,-99,-99,-99,-99,-99,-99,-99,-99,-99,,-99,-99,-99,-99,-99,-99,-99,-99,-99,-99,-99,-99,-99,-99,-99,-99,-99,-99,-99,-99,,-99,-99,-99,-99,-99,-99,-99,-99,-99,-99,-99,-99,-99,-99,-99,-99,-99,-99,-99,-99,-99,-99,-99,-99,-99,-99,-99,-99,-99,-99,-99,-99,-99,-99,-99,-99,-99,-99,-99,-99,-99,-99,-99,-99,,-99,-99,-99,-99,-99,-99,-99,-99,-99,-99,-99,-99,-99,-99,-99,-99,-99,-99,-99,-99,-99,-99,-99,-99,-99,-99,-99,-99,-99,-99,-99,-99,-99,-99,-99,-99,-99,-99,-99,-99,-99,-99,-99,-99,,I should interview you lol,
R11,100,1288,1,R_8FICD82iLEryiDd,2.5,3,5,5,0,https://doi.org/10.1007/978-3-031-60635-9_11 ,1,1,0,0,0,0,0,1,0,0,0,0,0,1,0,1,0,0,-99,-99,-99,-99,-99,0,0,1,1,0,0,0,0,0,0,0,"JSON, Pandas Dataframes (from APIs)",-99,-99,1,2,-99,2,2,-99,1,1,1,0,0,1,1,1,1,0,1,1,0,1,1,0,-99,-99,-99,-99,-99,-99,1,1,1,0,0,1,0,1,0,0,1,0,1,0,0,0,0,0,0,1,1,0,0,0,0,-99,-99,-99,-99,-99,-99,"With Morph-KGC, I refer to the usage of RML's function modules",-99,-99,-99,"Didn't use specific tool, rather than SPARQL queries",-99,-99,,1,0,1,0,0,1,0,1,0,0,-99,-99,-99,-99,-99,-99,-99,-99,-99,-99,,1,0,0,0,0,-99,-99,-99,-99,-99,-99,"Again, pre-defined SPARQL queries for bug detection",-99,-99,,1,1,1,1,1,1,1,1,0,0,-99,,1,0,1,0,0,1,0,0,0,0,-99,-99,-99,-99,-99,-99,-99,SPARQL Queries,-99,-99,,0,0,0,0,1,0,0,0,0,1,0,0,0,0,1,-99,-99,-99,-99,-99,-99,-99,-99,-99,-99,-99,,0,0,0,0,1,1,0,0,0,0,-99,-99,-99,-99,-99,-99,-99,SPARQL Queries,-99,-99,,1,0,1,0,0,1,0,1,0,0,0,0,0,0,1,1,0,0,0,0,0,0,0,0,1,1,0,0,0,0,-99,-99,-99,-99,-99,-99,-99,Executed only in new data,-99,-99,-99,SPARQL Queries,-99,-99,,1,0,0,0,0,1,0,0,0,0,0,0,0,0,1,0,0,0,0,1,1,0,0,0,0,0,0,0,0,1,-99,-99,-99,-99,-99,-99,-99,-99,-99,-99,SPARQL Queries,-99,-99,-99,,-99,
R12,100,1735,1,R_8iL3RBg2n685uM1,3,4,3,7,0,-99,1,0,0,0,0,0,0,1,0,1,0,0,0,0,0,1,0,0,-99,-99,-99,-99,-99,0,0,1,1,0,0,0,0,0,0,0,"JSON (REST), YANG/XML (NETCONF), JSON (Kafka)",-99,-99,1,1,-99,2,2,-99,1,0,1,0,1,1,1,1,1,0,1,1,0,1,1,0,Facts in natural language statements,-99,-99,-99,Identification and description of data sources. This step belongs at the beginning of ontology requirement specification.,None,0,0,0,0,1,1,0,1,0,0,1,0,1,0,0,0,0,0,0,1,0,0,0,0,1,0,0,0,0,1,-99,-99,Directly coded with VS Code,-99,-99,-99,-99,-99,,1,0,1,0,0,1,0,1,0,0,0,0,0,0,1,-99,-99,-99,-99,-99,,0,0,0,0,1,0,0,0,0,1,-99,-99,-99,-99,,1,0,1,0,1,1,1,1,0,0,-99,,1,0,0,0,0,1,0,0,0,0,-99,-99,-99,-99,-99,-99,Generating OWL code from Chowl diagram loses information in following iterations,-99,-99,-99,,1,0,0,0,0,1,0,0,0,0,0,0,0,0,1,-99,-99,-99,-99,-99,-99,-99,-99,-99,-99,-99,,0,0,0,0,1,0,0,0,0,1,-99,-99,-99,-99,-99,-99,-99,-99,-99,-99,,1,0,0,0,0,0,0,0,0,1,1,0,0,0,0,0,0,0,0,1,0,0,0,0,1,0,0,0,0,1,-99,-99,-99,-99,-99,-99,-99,-99,-99,-99,-99,-99,-99,-99,,1,0,0,0,0,0,0,0,0,1,1,0,0,0,0,0,0,0,0,1,0,0,0,0,1,0,0,0,0,1,0,0,0,0,1,-99,-99,-99,-99,-99,-99,-99,-99,-99,,Currently my biggest concerns are:  - Slow and error-prone ontology development process.  The LOT methodology is really helpful but entails many manual steps which could be automated. I suggest the exploration of CI/CD in this topic.  - KG maintenance. Updating and deleting data in the knowledge.  - KG governance. Data mapping ownership and access control in the KG. Generation of lineage and provenance information during the KG construction.,
R13,100,1106,1,R_8V9gB4d4VUp4lkp,0.5,3,1,1,0,https://github.com/alba-lopez/Curso2021-2022-DataScience.git,0,0,1,1,0,0,0,0,0,1,0,0,0,0,0,1,0,0,Learning,-99,-99,-99,-99,1,0,1,0,1,1,0,0,0,0,0,-99,-99,-99,1,1,-99,2,2,-99,0,1,0,0,0,1,1,1,0,0,0,0,0,0,0,0,-99,-99,-99,-99,-99,-99,1,0,1,0,0,1,0,0,0,0,1,0,0,0,0,0,0,0,0,1,1,0,0,0,0,-99,-99,-99,-99,-99,-99,-99,-99,-99,-99,-99,-99,-99,,0,0,0,0,1,0,0,0,0,1,-99,-99,-99,-99,-99,-99,-99,-99,-99,-99,,0,0,0,0,1,-99,-99,-99,-99,-99,-99,-99,-99,-99,,0,0,0,0,0,0,0,0,1,0,-99,it was only for learning purposes,,,,,,,,,,,,,,,,,,,,,,,,,,,,,,,,,,,,,,,,,,,,,,,,,,,,,,,,,,,,,,,,,,,,,,,,,,,,,,,,,,,,,,,,,,,,,,,,,,,,,,,,,,,,,,,,,,,,,,,,,,,,,,,,,,,,,,,,,,,,,,,,,,,,,,,,,,,,,,,,,
R14,100,909,1,R_278sa6hQ0rJOzAZ,17,4,30,20,0,https://polifonia.kmi.open.ac.uk/meetups/,1,1,0,0,0,1,0,0,0,1,0,0,0,1,0,1,0,0,-99,-99,-99,-99,-99,0,0,1,0,1,1,0,0,1,1,0,-99,-99,-99,1,2,-99,2,10,-99,1,1,1,1,0,1,1,1,1,0,1,1,0,0,0,0,-99,-99,-99,-99,-99,-99,1,0,1,1,0,1,0,0,0,0,1,0,0,0,0,-99,-99,-99,-99,-99,1,0,0,0,0,-99,-99,-99,-99,-99,-99,-99,-99,-99,-99,-99,-99,-99,,1,0,0,0,0,1,0,0,0,0,-99,-99,-99,-99,-99,-99,-99,-99,-99,-99,,1,0,0,0,0,-99,-99,-99,-99,-99,-99,-99,-99,-99,,1,1,1,1,1,1,1,1,0,0,-99,,1,1,0,0,0,-99,-99,-99,-99,-99,-99,-99,-99,-99,-99,-99,-99,-99,-99,-99,,-99,-99,-99,-99,-99,-99,-99,-99,-99,-99,-99,-99,-99,-99,-99,-99,-99,-99,-99,-99,-99,-99,-99,-99,-99,-99,,-99,-99,-99,-99,-99,-99,-99,-99,-99,-99,-99,-99,-99,-99,-99,-99,-99,-99,-99,-99,,1,0,0,0,0,1,0,0,0,0,1,0,0,0,0,-99,-99,-99,-99,-99,-99,-99,-99,-99,-99,-99,-99,-99,-99,-99,-99,-99,-99,-99,-99,-99,-99,-99,-99,-99,-99,-99,-99,-99,,1,0,0,0,0,1,0,0,0,0,1,0,0,0,0,-99,-99,-99,-99,-99,1,0,0,0,0,-99,-99,-99,-99,-99,-99,-99,-99,-99,-99,-99,-99,-99,-99,-99,-99,-99,-99,-99,,-99,
R15,100,2089,1,R_8dvW2dH98atfpHH,10,4,4,1,6,https://lod.ehri-project-test.eu/,0,0,1,0,0,0,0,0,0,0,0,0,0,0,0,1,0,0,Exploring a new standard in the field and see the possible benefits that SW can deliver to the field,-99,-99,-99,-99,0,1,0,1,1,1,0,0,0,0,0,JSON files coming from the selected graph database (property-graph-based database),-99,-99,1,2,-99,1,,,0,1,0,0,0,1,1,0,0,0,0,0,1,0,1,0,-99,-99,It is in the process of being formalised.,-99,As the base ontology is a very much living ontology there is the need to periodically analyse if the additions are still relevant or now already covered by the base standard.,-99,0,0,1,0,0,1,0,0,0,0,1,0,1,0,0,0,0,1,0,0,1,0,1,0,0,-99,-99,-99,-99,-99,-99,Extracted from existing API,-99,A script orchestrates the mapping rules execution.,Extracted using ShExML,Mainly validated by manual analysis with support of the ShEx and SHACL generated shapes,-99,-99,,1,0,0,0,0,1,0,1,0,0,-99,-99,-99,-99,-99,-99,-99,The two referred tools as the technical stack and the rest manually created.,-99,-99,,1,1,0,0,0,-99,-99,-99,-99,-99,-99,They are mainly detected when it is intensively used.,-99,-99,,1,0,1,1,1,1,1,1,0,0,-99,,1,1,0,0,0,1,0,0,0,0,-99,-99,-99,-99,-99,-99,-99,-99,-99,-99,,-99,-99,-99,-99,-99,-99,-99,-99,-99,-99,-99,-99,-99,-99,-99,-99,-99,-99,-99,-99,-99,-99,-99,-99,-99,-99,,-99,-99,-99,-99,-99,1,0,0,0,0,-99,-99,-99,-99,-99,-99,-99,As it is based on a mapping I find it very useful to define a crosswalk to evaluate the changes.,-99,-99,,1,0,0,0,0,0,0,0,0,1,1,0,1,0,0,0,0,1,0,0,0,0,0,0,1,0,0,1,0,0,-99,-99,-99,-99,-99,-99,-99,-99,-99,-99,-99,-99,-99,-99,,1,0,0,0,0,0,0,0,0,1,0,0,1,0,0,0,0,1,0,0,0,0,0,0,1,0,0,1,0,0,-99,-99,-99,-99,-99,-99,-99,-99,-99,-99,-99,-99,-99,-99,,-99,
R16,100,7112,1,R_8sbOtKo7zdqfW4s,4,2,2,2,0,https://data-interop.era.europa.eu/endpoint https://data-interop.era.europa.eu/vocabulary https://www.era.europa.eu/domains/registers/era-knowlege-graph_en,1,1,1,0,0,1,0,0,0,0,0,0,1,1,1,1,0,0,Semantic interoperability and data integration,-99,-99,-99,-99,0,0,0,1,1,0,0,0,0,0,0,Semi-structured data: XML,-99,-99,1,2,-99,2,2,-99,1,1,1,0,0,1,1,1,0,0,1,1,0,1,1,0,-99,-99,-99,-99,-99,-99,1,0,1,0,0,1,0,1,0,0,1,0,1,0,0,1,0,1,0,0,1,1,1,0,0,1,0,1,0,0,"There have been times when RDF post-processing was needed(another step to be included in imo). There is also the step of publishing the KG. In our case, it was done by uploading the data to an Amazon S3 bucket and then deploying it in a Virtuoso Triple store.",-99,I generated the mappings in YARRRML and then converted them to RML.,-99,-99,-99,"There have been times when RDF post-processing was needed(another step to be included in imo). There is also the step of publishing the KG. In our case, it was done by uploading the data to an Amazon S3 bucket and then deploying it in a Virtuoso Triple store.",-99,"Yes, two additional steps: post-processing and KG publishing.",1,0,1,0,0,1,0,1,0,0,-99,-99,-99,-99,-99,-99,The documentation followed the style of software documentation in a README file within the repositories.,-99,-99,-99,,1,1,1,0,0,-99,-99,-99,-99,-99,-99,"Some bugs were automatically checked using scripts that alerted about data issues, etc., while other issues were handled through Jira tickets(issue requests).",-99,-99,,1,1,1,1,1,1,0,0,0,1,"We are also working on maintaining the mapping by adding documentation for it since the mapping ""connects"" the model with the data, and once created, its maintenance is not easy when changes occur.",,1,1,0,0,0,1,1,0,0,0,-99,-99,-99,-99,-99,-99,-99,-99,-99,-99,,1,1,1,0,0,1,0,1,0,0,1,0,0,0,0,-99,-99,-99,-99,-99,-99,-99,-99,-99,-99,-99,,1,0,0,0,0,1,0,0,0,0,-99,-99,-99,-99,-99,-99,-99,-99,-99,-99,,1,0,1,0,0,-99,-99,-99,-99,-99,1,0,0,0,0,1,0,0,0,0,-99,-99,-99,-99,-99,1,0,0,0,0,-99,-99,-99,-99,-99,-99,-99,-99,-99,-99,-99,-99,-99,-99,,1,0,0,0,0,-99,-99,-99,-99,-99,1,0,0,0,0,1,0,0,0,0,-99,-99,-99,-99,-99,1,0,0,0,0,-99,-99,-99,-99,-99,-99,-99,-99,-99,-99,-99,-99,-99,-99,,-99,
R17,100,398,1,R_8n2PU8EXSe4x2pK,1,3,-99,1,-99,-99,1,0,1,0,0,0,0,0,0,0,0,0,0,0,0,1,0,0,-99,-99,-99,-99,-99,0,0,0,1,1,0,0,1,1,1,1,-99,-99,-99,1,1,-99,2,2,-99,0,1,0,0,0,1,0,1,0,0,0,0,0,1,0,0,-99,-99,-99,-99,-99,Python libraries (rdflib),1,0,0,0,0,1,0,0,1,0,1,0,0,0,0,1,0,0,0,0,1,0,0,1,0,-99,-99,-99,-99,-99,-99,-99,-99,-99,-99,-99,-99,-99,,1,0,0,0,0,-99,-99,-99,-99,-99,-99,-99,-99,-99,-99,-99,-99,-99,-99,-99,,1,0,0,0,0,-99,-99,-99,-99,-99,-99,-99,-99,-99,,1,0,1,1,1,0,0,0,0,0,-99,,1,0,0,0,0,0,0,0,0,1,-99,-99,-99,-99,-99,-99,-99,-99,-99,-99,,0,0,0,0,1,0,0,0,0,1,0,0,0,0,1,-99,-99,-99,-99,-99,-99,-99,-99,-99,-99,-99,,0,0,0,0,1,0,0,0,0,1,-99,-99,-99,-99,-99,-99,-99,-99,-99,-99,,1,0,0,0,0,1,0,0,0,0,1,0,0,0,0,1,0,0,0,0,0,0,0,0,1,0,0,0,0,1,-99,-99,-99,-99,-99,-99,-99,-99,-99,-99,-99,-99,-99,-99,,1,0,0,0,0,1,0,0,0,0,1,0,0,0,0,1,0,0,0,0,0,0,0,0,1,0,0,0,0,1,-99,-99,-99,-99,-99,-99,-99,-99,-99,-99,-99,-99,-99,-99,,-99,
R18,100,1785,1,R_5H7FczNoLz98n6h,2,3,0,2,0,-99,-99,-99,-99,-99,-99,-99,-99,-99,-99,-99,-99,-99,-99,-99,-99,-99,-99,-99,-99,-99,-99,-99,-99,-99,-99,-99,-99,-99,-99,-99,-99,-99,-99,-99,-99,-99,-99,1,2,-99,2,2,-99,1,1,1,0,0,1,1,0,1,0,0,0,0,0,0,0,-99,-99,-99,-99,-99,-99,1,0,0,0,0,1,0,0,0,0,1,0,0,0,0,0,0,0,0,1,0,0,0,0,1,-99,-99,-99,-99,-99,-99,-99,-99,-99,-99,-99,-99,-99,,0,0,0,0,1,1,0,0,0,0,-99,-99,-99,-99,-99,-99,-99,-99,-99,-99,,0,0,0,0,1,-99,-99,-99,-99,-99,-99,-99,-99,-99,,0,1,0,1,1,0,1,1,0,0,-99,,0,0,0,0,1,0,0,0,0,1,-99,-99,-99,-99,-99,-99,-99,-99,-99,-99,,0,0,0,0,1,0,0,0,0,1,0,0,0,0,1,-99,-99,-99,-99,-99,-99,-99,-99,-99,-99,-99,,0,0,0,0,1,0,0,0,0,1,-99,-99,-99,-99,-99,-99,-99,-99,-99,-99,,0,0,0,0,1,0,0,0,0,1,0,0,0,0,1,0,0,0,0,1,0,0,0,0,1,0,0,0,0,1,-99,-99,-99,-99,-99,-99,-99,-99,-99,-99,-99,-99,-99,-99,,0,0,0,0,1,0,0,0,0,1,1,0,0,0,1,0,0,0,0,1,0,0,0,0,1,0,0,0,0,1,-99,-99,-99,-99,-99,-99,-99,-99,-99,-99,-99,-99,-99,-99,,-99,
R20,66,93064,0,R_24OL1HTnOIrE9mF,10,4,10+,10+,5+,https://semsys.ai.wu.ac.at/sites/swemls-kg/,0,1,0,0,0,0,0,0,0,0,0,0,0,0,0,0,0,0,-99,-99,-99,-99,-99,0,0,1,0,0,0,0,0,1,0,0,-99,-99,-99,1,4,own engineering plus some reuse (not sure whether it fits the other category),2,1,-99,0,1,1,0,0,1,1,1,1,0,1,1,0,0,0,0,-99,-99,-99,-99,-99,-99,1,1,0,0,0,1,0,0,0,0,1,0,1,0,0,1,0,0,0,0,1,0,1,0,0,1,0,1,0,0,Data Enrichment,-99,-99,-99,-99,-99,Data Enrichment,-99,-99,1,0,0,0,0,1,0,0,0,0,-99,-99,-99,-99,-99,-99,-99,-99,-99,-99,,-99,-99,-99,-99,-99,-99,-99,-99,-99,-99,-99,-99,-99,-99,,0,1,0,1,1,0,1,1,0,0,-99,,,,,,,,,,,,,,,,,,,,,,,,,,,,,,,,,,,,,,,,,,,,,,,,,,,,,,,,,,,,,,,,,,,,,,,,,,,,,,,,,,,,,,,,,,,,,,,,,,,,,,,,,,,,,,,,,,,,,,,,,,,,,,,,,,,,,,,,,,,,,,,,,,,,,,,,,,,,,,,,,,
R21,100,2053,1,R_2yt96avhU5bRqlH,13,4,10,5,0,https://www.dfki.uni-kl.de/cybermapping/data/Towards_Cyber_Mapping-Preprint.pdf,1,1,0,0,0,0,0,0,0,0,0,0,1,1,1,1,1,0,-99,-99,-99,"root cause analysis, path mining",-99,0,0,1,1,0,1,0,0,1,0,0,"Excel, XML",-99,-99,1,1,-99,1,,,1,1,0,0,1,1,1,1,0,0,1,1,0,0,0,0,bottom-up data driven: I specified the ontology close to the data which is mapped.,-99,-99,-99,-99,-99,1,0,0,0,0,1,1,0,0,0,1,0,0,0,0,1,0,0,0,0,0,1,0,0,0,-99,-99,-99,-99,-99,-99,-99,domain experts provided mappings which were transformed by onto/kg engineer into Java code,Exceptions were added by the onto/kg engineer,code which checks correct conversion,domain experts check for mistakes by browsing,-99,-99,,1,0,0,0,0,1,0,0,0,0,-99,-99,-99,-99,-99,-99,-99,-99,-99,-99,,0,0,0,0,1,-99,-99,-99,-99,-99,-99,-99,-99,-99,,0,0,1,1,1,0,1,0,0,0,-99,,1,1,0,0,0,0,1,0,0,0,-99,-99,-99,-99,-99,-99,domain experts provided excel files showing the changes,domain experts explore the KG again,-99,-99,,0,0,0,0,1,0,0,0,0,1,0,0,0,0,1,-99,-99,-99,-99,-99,-99,-99,-99,-99,-99,-99,,0,0,0,0,1,0,0,0,0,1,-99,-99,-99,-99,-99,-99,-99,-99,-99,-99,,1,0,0,0,0,0,0,0,0,1,1,0,0,0,0,0,0,0,0,1,0,0,0,0,1,0,0,0,0,1,-99,-99,-99,-99,-99,-99,-99,-99,-99,-99,-99,-99,-99,-99,,1,1,0,0,0,0,0,0,0,1,1,0,0,0,0,0,0,0,0,1,0,0,0,0,1,0,0,0,0,1,-99,-99,-99,-99,-99,-99,domain expert explained changes,-99,-99,-99,-99,-99,-99,-99,,-99,
R22,100,7920,1,R_2M3x7wcle1DXymp,8,4,8,15,-99,NA,NA,NA,NA,NA,NA,NA,NA,NA,NA,NA,NA,NA,NA,NA,NA,NA,NA,NA,NA,NA,NA,NA,NA,NA,NA,NA,NA,NA,NA,NA,NA,NA,NA,NA,NA,NA,NA,2,4,I use (without changes) an already existing ontology and I extended it in my own ontology. The reused ontology is developed and maintained by another team. ,2,2,-99,1,1,1,0,0,1,1,1,1,0,1,1,0,1,1,0,-99,-99,-99,-99,-99,"I have followed an ad hoc methodology, mainly adapted from LOT.",0,0,0,0,1,1,0,0,0,0,0,0,1,0,0,-99,-99,-99,-99,-99,1,0,1,0,0,-99,-99,-99,-99,-99,-99,Data Steward is responsible for this task.,-99,-99,-99,Some validation steps are done with ad hoc tooling.,-99,-99,,0,0,0,0,1,0,0,1,0,0,-99,-99,-99,-99,-99,-99,-99,Deployment using an ad hoc tool,-99,-99,,1,0,0,0,0,-99,-99,-99,-99,-99,-99,-99,-99,-99,,1,0,0,0,1,0,1,0,0,0,-99,,1,0,0,0,0,1,0,0,0,0,-99,-99,-99,-99,-99,-99,-99,-99,-99,-99,,1,0,0,0,0,-99,-99,-99,-99,-99,1,0,0,0,0,-99,-99,-99,-99,-99,-99,-99,-99,-99,-99,-99,,0,0,0,0,1,1,0,0,0,0,-99,-99,-99,-99,-99,-99,-99,-99,-99,-99,,1,0,0,0,0,0,0,0,0,1,0,0,1,0,0,0,0,0,0,1,0,0,0,0,1,1,0,0,0,0,-99,-99,-99,-99,-99,-99,-99,-99,-99,-99,-99,-99,-99,-99,,1,0,0,0,0,0,0,0,0,1,0,0,1,0,0,0,0,0,0,1,0,0,0,0,1,1,0,0,0,0,-99,-99,-99,-99,-99,-99,-99,-99,-99,-99,-99,-99,-99,-99,,-99,
R27,100,483180,1,R_1DqhZnFTv46Og6t,11,4,15,8,1,This KG is not public. It has been built to help the governance of a large university.,0,0,1,1,0,0,0,0,0,0,0,0,0,0,1,0,0,0,Analytics (BI),-99,-99,-99,-99,1,0,1,0,0,0,0,0,0,0,0,-99,-99,-99,1,1,-99,1,,,1,1,0,0,0,0,1,1,0,0,0,0,0,0,1,0,-99,-99,-99,-99,-99,-99,1,0,0,0,0,1,0,0,0,0,0,0,0,0,1,0,0,0,0,1,1,1,0,0,0,-99,-99,-99,-99,-99,-99,-99,-99,-99,-99,-99,-99,-99,,0,0,0,0,1,0,0,0,0,1,-99,-99,-99,-99,-99,-99,-99,-99,-99,-99,,1,1,0,0,0,-99,-99,-99,-99,-99,-99,-99,-99,-99,,1,1,1,1,1,1,1,1,0,0,-99,,1,0,0,0,0,0,0,0,0,1,-99,-99,-99,-99,-99,-99,-99,-99,-99,-99,,0,0,0,0,1,0,0,0,0,1,0,0,0,0,1,-99,-99,-99,-99,-99,-99,-99,-99,-99,-99,-99,,0,0,0,0,1,0,0,0,0,1,-99,-99,-99,-99,-99,-99,-99,-99,-99,-99,,1,0,0,0,0,0,0,0,0,1,0,0,0,0,1,0,0,0,0,1,0,0,0,0,1,0,0,0,0,1,-99,-99,-99,-99,-99,-99,-99,-99,-99,-99,-99,-99,-99,-99,,1,0,0,0,0,0,0,0,0,1,0,0,0,0,1,0,0,0,0,1,0,0,0,0,1,0,0,0,0,1,-99,-99,-99,-99,-99,-99,-99,-99,-99,-99,-99,-99,-99,-99,,"In this project, the ontology was treated as an implementation detail of the KG. There were no ambition of reuse for the ontology and the effort to develop it was kept minimal (e.g. no budget for providing definitions for the classes and properties).",
R31,100,3152,1,R_21hYaUUq9njPW89,8,4,15,10,5,https://marineregions.org/,1,1,0,0,0,0,0,0,0,0,0,0,0,1,0,1,0,0,-99,-99,-99,-99,Replication and Synchronization,1,0,0,0,0,0,0,1,0,0,0,-99,GeoNames,-99,1,2,-99,1,,,0,1,0,0,0,0,1,0,0,0,1,1,0,1,1,0,-99,-99,-99,-99,-99,-99,0,1,1,0,0,1,1,0,0,0,1,1,1,0,0,1,0,0,0,0,0,0,1,0,0,-99,-99,-99,-99,-99,-99,-99,-99,Template-based approach specifically targeted on Turtle RDF generation,-99,-99,-99,-99,,0,0,0,0,1,1,1,0,0,0,-99,-99,-99,-99,-99,-99,-99,-99,-99,-99,,1,1,0,0,0,-99,-99,-99,-99,-99,-99,-99,-99,-99,,0,0,1,1,1,1,1,1,0,0,-99,,0,0,0,0,1,0,0,0,0,1,-99,-99,-99,-99,-99,-99,-99,-99,-99,-99,,1,0,0,0,0,0,0,0,0,1,0,0,0,0,1,-99,-99,-99,-99,-99,-99,-99,-99,-99,-99,-99,,0,0,0,0,1,0,0,0,0,1,-99,-99,-99,-99,-99,-99,-99,-99,-99,-99,,1,0,0,0,0,1,0,1,0,0,0,0,0,0,1,1,0,0,0,0,1,0,1,0,0,1,0,0,0,0,-99,-99,-99,-99,-99,-99,-99,Changes are published as a Linked Data Event Stream,-99,-99,-99,-99,-99,-99,,1,0,0,0,0,0,0,1,0,0,0,0,0,0,1,1,0,0,0,0,1,0,0,0,0,1,0,0,0,0,-99,-99,-99,-99,-99,-99,-99,Data updates are published as a Linked Data Event Stream,-99,-99,-99,-99,-99,-99,,"In replication/synchronization case, we use the Linked Data Event Stream (LDES) approach to model and communicate data updates on a given KG. However, there is no standard approach to model KG changes (despite the existence of some vocabularies that can deal with it such as Activity Streams 2), much less ontology/schema changes that may impact a whole (mirrored) KG. This is often treated as an after thought, specially when the ontology definition process didn't consider change modelling and communication.   I think it would be beneficial to include a these kind of considerations within the ontology creation methodology.",
R35,100,1878,1,R_7P4AnyKEhkp0ay4,10,4,10,3,1,  https://doi.org/10.5281/zenodo.10381606,1,1,0,0,0,0,0,0,0,1,0,0,0,1,0,1,0,0,-99,-99,-99,-99,-99,0,0,1,1,1,0,0,0,1,0,0,"XML/TEI, OAIPMH",-99,-99,1,3,-99,,,,1,1,0,0,0,1,0,0,0,0,0,0,0,0,0,1,-99,-99,-99,I marginally completed the reused ontologies for missing cases,-99,-99,0,0,1,0,0,1,0,0,0,0,0,0,1,0,0,0,0,0,0,1,0,1,0,0,0,-99,-99,-99,-99,-99,-99,-99,-99,-99,-99,-99,-99,-99,,1,0,0,0,0,1,0,0,0,0,-99,-99,-99,-99,-99,-99,-99,-99,-99,-99,,0,0,0,0,1,0,0,1,0,0,KG monthly updates,-99,KG monthly updates,-99,-99,1,0,0,1,1,0,0,0,0,0,-99,,1,0,0,0,0,1,0,0,0,0,-99,-99,-99,-99,-99,-99,-99,-99,-99,-99,,1,0,0,0,0,0,0,0,0,1,0,0,0,0,1,-99,-99,-99,-99,-99,-99,-99,-99,-99,-99,-99,,0,0,0,0,1,1,0,0,0,0,-99,-99,-99,-99,-99,-99,-99,-99,-99,-99,,1,0,0,0,0,0,0,0,0,1,1,0,1,0,0,0,0,0,0,1,0,0,0,0,1,0,0,0,0,1,-99,-99,-99,-99,-99,-99,-99,-99,-99,-99,-99,-99,-99,-99,,1,0,0,0,0,1,0,1,0,0,0,0,0,0,1,0,0,0,0,1,0,0,0,0,1,0,0,0,0,1,-99,-99,-99,-99,-99,-99,-99,-99,-99,-99,-99,-99,-99,-99,,-99,
R38,100,949,1,R_7kFbBbrWdLtSwnS,29,4,20,50,100,NA,NA,NA,NA,NA,NA,NA,NA,NA,NA,NA,NA,NA,NA,NA,NA,NA,NA,NA,NA,NA,NA,NA,NA,NA,NA,NA,NA,NA,NA,NA,NA,NA,NA,NA,NA,NA,NA,2,1,-99,1,,,0,1,1,0,0,1,1,1,0,0,1,1,0,1,1,0,-99,-99,-99,-99,remodeling to improve query performance,-99,1,1,1,0,0,1,0,0,0,0,1,0,1,0,0,1,0,0,0,0,1,1,1,0,0,-99,-99,-99,-99,-99,-99,-99,-99,-99,-99,-99,-99,-99,,1,1,0,0,0,1,1,1,0,0,-99,-99,-99,-99,-99,-99,-99,-99,-99,-99,,1,0,0,0,0,-99,-99,-99,-99,-99,-99,-99,-99,-99,,1,1,1,0,1,1,1,1,0,0,-99,,1,1,0,0,0,1,0,0,0,0,-99,-99,-99,-99,-99,-99,-99,-99,-99,-99,,1,0,0,0,0,-99,-99,-99,-99,-99,-99,-99,-99,-99,-99,-99,-99,-99,-99,-99,-99,-99,-99,-99,-99,-99,,1,0,1,0,0,-99,-99,-99,-99,-99,-99,-99,-99,-99,-99,-99,-99,-99,-99,-99,,1,0,0,0,0,0,0,1,0,0,0,0,1,0,0,-99,-99,-99,-99,-99,0,0,1,0,0,0,0,1,0,0,-99,-99,-99,-99,-99,-99,-99,-99,-99,-99,-99,-99,-99,-99,,1,0,0,0,0,-99,-99,-99,-99,-99,0,0,1,0,0,-99,-99,-99,-99,-99,-99,-99,-99,-99,-99,0,0,1,0,0,-99,-99,-99,-99,-99,-99,-99,-99,-99,-99,-99,-99,-99,-99,,-99,
R60,100,769,1,R_2G9sXWtdcLTNq15,7,4,10,6,0,https://w3id.org/simulation/data/,1,1,0,1,0,1,0,0,1,0,0,0,0,0,0,0,0,1,-99,-99,-99,-99,-99,1,1,1,0,1,1,1,1,1,1,0,-99,Wordnet, BabelNet,-99,1,4,My own ontology combined with existing ones,2,3,-99,1,1,1,0,0,1,1,1,1,0,1,1,1,1,1,0,-99,-99,I registered the prefix on prefix.cc,-99,I applied for a permanent identifier via w3id,-99,1,1,1,0,0,0,0,0,0,1,1,0,1,0,0,0,0,0,0,1,1,0,0,0,0,-99,-99,-99,-99,-99,-99,-99,-99,-99,-99,-99,-99,-99,,1,1,0,0,0,1,0,0,0,0,-99,-99,-99,-99,-99,-99,-99,-99,-99,-99,,1,1,0,0,0,-99,-99,-99,-99,-99,-99,-99,-99,-99,,1,1,1,0,1,1,1,1,0,0,-99,,1,1,0,0,0,0,0,0,0,1,-99,-99,-99,-99,-99,-99,-99,-99,-99,-99,,1,1,0,0,0,1,1,1,0,0,0,0,0,0,1,-99,-99,-99,-99,-99,-99,-99,-99,-99,-99,-99,,0,0,0,0,1,1,0,0,0,0,-99,-99,-99,-99,-99,-99,-99,-99,-99,-99,,1,0,1,0,0,0,0,0,0,1,1,0,1,0,0,0,0,0,0,1,0,0,0,0,1,0,0,0,0,1,-99,-99,-99,-99,-99,-99,-99,-99,-99,-99,-99,-99,-99,-99,,1,0,0,0,0,0,0,0,0,1,1,0,0,0,0,0,0,0,0,1,0,0,0,0,1,0,0,0,0,1,-99,-99,-99,-99,-99,-99,-99,-99,-99,-99,-99,-99,-99,-99,,Dr. Bruno Sartini
R61,100,19487,1,R_25HPmRsSNZCrEew,13,4,10,5,0,K-Hub: A Modular Ontology to Support Document Retrieval and Knowledge Extraction in Industry 5.0,1,1,0,0,0,0,0,0,0,0,0,0,0,1,0,1,0,0,-99,-99,-99,-99,-99,0,0,0,0,0,0,0,0,1,0,0,-99,-99,-99,1,2,-99,2,2,-99,1,0,1,0,0,1,1,1,0,0,0,1,0,0,1,0,-99,-99,-99,-99,-99,"a software for annotating the document with the ontology, named PAWLS, https://github.com/allenai/pawls and then we extracted the entities and relationships between them",0,1,0,0,0,0,1,0,0,0,0,0,1,0,0,1,0,0,0,0,1,0,0,0,0,-99,-99,-99,-99,-99,-99,-99,In ontopawls we implemented a library to extract and generate the RDF data in turtle format,see the step before,-99,-99,-99,-99,,1,0,1,0,0,1,0,0,0,0,-99,-99,-99,-99,-99,-99,-99,-99,-99,-99,,0,0,0,0,1,-99,-99,-99,-99,-99,-99,-99,-99,-99,,1,1,0,1,1,1,0,1,0,0,-99,,1,0,0,0,0,0,0,0,0,1,-99,-99,-99,-99,-99,-99,-99,-99,-99,-99,,0,0,0,0,1,0,0,1,0,0,-99,-99,-99,-99,-99,-99,-99,-99,-99,-99,-99,-99,-99,-99,-99,-99,,0,0,0,0,1,0,0,0,0,1,-99,-99,-99,-99,-99,-99,-99,-99,-99,-99,,0,0,0,0,1,0,0,0,0,1,1,0,1,0,0,1,0,0,0,0,1,0,0,0,0,1,0,0,0,0,-99,-99,-99,-99,-99,-99,-99,-99,-99,-99,-99,-99,-99,-99,,1,0,0,0,0,0,0,0,0,1,1,0,1,0,0,1,0,0,0,0,1,0,0,0,0,1,0,0,0,0,-99,-99,-99,-99,-99,-99,-99,-99,-99,-99,-99,-99,-99,-99,,-99,
R73,85,1651,0,R_8wW3TaLkMwvC5fr,25,4,>20,>20,>20,http://openmydata.dsi.uminho.pt:7200/,1,1,0,1,0,1,0,0,0,1,0,0,0,0,0,1,0,0,-99,-99,-99,-99,-99,1,0,0,0,0,1,0,1,0,0,0,-99,Ariadne and CIDOC-CRM,-99,1,1,-99,2,11,Dublin Core Tabular Application Profile,0,0,0,0,1,1,1,1,1,0,0,1,1,1,0,0,"My objective was just to share some data as Linked Data, so I did not capture requirements of possible applications",-99,"I included minimal documentation in the ontology file. As ontology, I am refering to an application profile and a controlled vocabulary.",-99,-99,-99,1,1,0,0,0,1,0,0,0,0,1,0,0,0,0,1,0,0,0,0,1,0,0,0,0,-99,-99,-99,-99,-99,-99,-99,-99,-99,-99,-99,-99,-99,,1,1,0,0,0,1,0,0,0,0,-99,-99,-99,-99,-99,-99,-99,-99,-99,-99,,0,0,0,0,1,-99,-99,-99,-99,-99,-99,-99,-99,-99,,0,0,1,1,1,0,1,0,0,0,-99,,1,1,0,0,0,1,0,0,0,0,-99,-99,-99,-99,-99,-99,-99,-99,-99,-99,,1,0,0,0,0,1,1,0,0,0,0,0,0,0,1,-99,-99,-99,-99,-99,-99,-99,-99,-99,-99,-99,,0,0,0,0,1,1,0,0,0,0,-99,-99,-99,-99,-99,-99,-99,-99,-99,-99,,1,0,0,0,0,0,0,0,0,1,1,0,0,0,0,-99,-99,-99,-99,-99,0,0,0,0,1,1,0,0,0,0,-99,-99,-99,-99,-99,-99,-99,-99,-99,-99,-99,-99,-99,-99,,,,,,,,,,,,,,,,,,,,,,,,,,,,,,,,,,,,,,,,,,,,,,,,
R75,100,1912,1,R_2IGyRmgeAE78AKu,18,4,15+,15+,4,https://dl.acm.org/doi/10.1145/3474829,1,0,0,0,0,0,0,0,0,0,0,1,0,1,0,1,0,0,-99,-99,Linking with entity extraction of documents with NLP,-99,-99,0,0,1,1,0,0,0,0,1,0,0,Extracted information from documents with NLP,-99,-99,1,4,Reused and extended in another namespace,2,11,DOGMA,1,1,1,0,0,1,0,1,1,1,0,1,0,1,0,0,-99,"No conceptualization was drawn, but formalized with structured natural language (DOGMA)",-99,-99,"Stakeholders had to provide their conceptualizations using structured natural language, which were then consolidated during meetings. ",-99,1,1,0,0,0,1,0,0,0,0,1,0,0,0,0,1,1,0,0,0,1,1,0,0,0,1,0,0,0,0,Source data validation,Domain experts manually entered data in spreadsheets,-99,-99,-99,-99,Source data validation,To validate input before R2RML,"Use of named graphs to organize the information. Two triplestores (one public-facing, one private with full provenance).",1,0,0,0,0,1,0,0,0,0,1,0,0,0,0,Data exploration,-99,-99,Data exploration,Made available,Choice of triplestore and public facing endpoints,1,1,0,0,0,-99,-99,-99,-99,-99,-99,-99,-99,-99,,0,1,1,0,1,0,1,1,0,1,Updated rows,,1,1,0,0,0,0,0,0,0,1,-99,-99,-99,-99,-99,-99,-99,-99,-99,-99,,1,0,0,0,0,1,0,0,0,0,1,0,0,0,0,-99,-99,-99,-99,-99,-99,-99,-99,I do not understand the difference between this one and the former.,-99,-99,,0,0,0,0,1,0,0,0,0,1,-99,-99,-99,-99,-99,-99,-99,-99,-99,-99,,1,0,0,0,0,0,0,0,0,1,1,0,0,0,0,1,0,0,0,0,0,0,0,0,1,1,0,0,0,0,-99,-99,-99,-99,-99,-99,-99,-99,Wrote a script that stored new versions in different named graphs,-99,-99,-99,-99,-99,,0,0,0,0,1,0,0,0,0,1,1,0,0,0,0,1,0,0,0,0,0,0,0,0,1,1,0,0,0,0,-99,-99,-99,-99,-99,-99,-99,-99,-99,-99,-99,-99,-99,-99,,-99,
R77,100,1327,1,R_8qjS4dRfn3Bs3mg,25,4,20+,30+,1,https://data.odeuropa.eu/,1,1,0,0,0,1,0,0,1,1,0,0,1,1,0,1,0,0,-99,-99,-99,-99,I could have selected different tasks depending on the choice of KG in Q2.1.,0,0,1,0,1,0,0,0,1,1,1,-99,-99,Images,1,2,-99,2,11,This is hard to choose just a single one as this is a combination of CQ + LOT + 101 + Design Patterns + Ontology Reuse + ...,1,1,1,0,0,1,1,1,1,0,1,1,0,1,0,0,-99,-99,-99,-99,-99,-99,1,1,1,0,0,1,1,0,1,0,1,0,1,1,0,0,0,0,0,1,1,1,0,0,0,-99,-99,-99,-99,-99,I believe you miss a very important step: establishing clear URI design patterns. We often spend a lot of time on this!,"many tools for scraping, cleansing, etc.","we develop our own software for direct mapping conversions, and sometimes rely on RML engine (e.g. rmlmapper or MorphKG)",-99,I rarely do SHACL shapes,-99,I believe you miss a very important step: establishing clear URI design patterns. We often spend a lot of time on this!,-99,See Other in the previous question,1,0,0,0,0,1,0,0,0,0,-99,-99,-99,-99,-99,-99,"Tools we developed ourselves, available as open source on github",Dumps often published on Zenodo,-99,-99,,1,1,0,0,0,-99,-99,-99,-99,-99,-99,use issues mechanism,-99,-99,,0,1,1,1,1,1,1,1,0,1,All cases above can happen,,1,0,0,0,0,0,0,0,0,1,-99,-99,-99,-99,-99,-99,-99,-99,-99,-99,,1,0,0,0,0,1,0,0,0,0,0,0,0,0,1,-99,-99,-99,-99,-99,-99,-99,-99,I'm not sure I understand,-99,-99,,0,0,0,0,1,1,0,0,0,0,-99,-99,-99,-99,-99,-99,-99,-99,-99,-99,,1,0,0,0,0,1,0,0,0,0,1,0,0,0,0,0,0,0,0,1,0,0,0,0,1,1,0,0,0,0,-99,-99,-99,-99,-99,-99,-99,-99,-99,-99,-99,-99,-99,-99,,1,0,0,0,0,0,0,0,0,1,1,0,0,0,0,0,0,0,0,1,0,0,0,0,1,1,0,0,0,0,-99,-99,-99,-99,-99,-99,-99,-99,-99,-99,-99,-99,-99,-99,,"When one has developed multiples ontologies / KGs, one can easily tick most of the boxes, as it really depends on the KG / ontologies. For example, I'm maintaining KG such as CIMPLE which are updated every night; others that are updated even more frequently based on streams but where diffs are considered, and where the KG is only storing the latest state of a dynamic system while enabling to roll back and come to previous state (e.g. configurations of a large network)",
R78,100,395,1,R_4zBxYWYOPXMA1tQ,10,2,-99,-99,-99,A Novel Case Base Reasoning and Frequent Pattern Based Decision Support System For Mitigating Software Risk Factors,0,1,0,0,0,1,0,0,0,1,0,0,0,0,1,0,0,0,-99,-99,-99,-99,-99,1,0,0,0,0,0,0,1,0,0,1,-99,-99,-99,1,4,It is dr. Muhammad asifs work,1,,,0,0,0,0,1,0,0,0,0,1,0,0,1,0,0,1,Not my work,-99,I studied,-99,-99,A Novel Case Base Reasoning and Frequent Pattern Based Decision Support System For Mitigating Software Risk Factors,-99,-99,-99,-99,-99,-99,-99,-99,-99,-99,-99,-99,-99,-99,-99,-99,-99,-99,-99,-99,-99,-99,-99,-99,-99,-99,-99,-99,-99,-99,-99,-99,-99,-99,-99,-99,-99,-99,,-99,-99,-99,-99,-99,-99,-99,-99,-99,-99,-99,-99,-99,-99,-99,-99,-99,-99,-99,-99,,-99,-99,-99,-99,-99,-99,-99,-99,-99,-99,-99,-99,-99,-99,,0,0,1,0,1,0,1,0,0,0,-99,,-99,-99,-99,-99,-99,-99,-99,-99,-99,-99,-99,-99,-99,-99,-99,-99,-99,-99,-99,-99,,-99,-99,-99,-99,-99,-99,-99,-99,-99,-99,-99,-99,-99,-99,-99,-99,-99,-99,-99,-99,-99,-99,-99,-99,-99,-99,,-99,-99,-99,-99,-99,-99,-99,-99,-99,-99,-99,-99,-99,-99,-99,-99,-99,-99,-99,-99,,-99,-99,-99,-99,-99,-99,-99,-99,-99,-99,-99,-99,-99,-99,-99,-99,-99,-99,-99,-99,-99,-99,-99,-99,-99,-99,-99,-99,-99,-99,-99,-99,-99,-99,-99,-99,-99,-99,-99,-99,-99,-99,-99,-99,,-99,-99,-99,-99,-99,-99,-99,-99,-99,-99,-99,-99,-99,-99,-99,-99,-99,-99,-99,-99,-99,-99,-99,-99,-99,-99,-99,-99,-99,-99,-99,-99,-99,-99,-99,-99,-99,-99,-99,-99,-99,-99,-99,-99,,-99,
R84,100,1031,1,R_2QXa3qEGacM8vG5,10,4,3,4,1,NA,NA,NA,NA,NA,NA,NA,NA,NA,NA,NA,NA,NA,NA,NA,NA,NA,NA,NA,NA,NA,NA,NA,NA,NA,NA,NA,NA,NA,NA,NA,NA,NA,NA,NA,NA,NA,NA,2,2,-99,2,11,https://www.datashapes.org/,0,1,1,0,0,1,0,1,0,0,1,1,0,1,1,0,-99,-99,-99,-99,-99,https://www.datashapes.org/schema,1,0,0,0,0,1,0,0,0,0,0,0,1,0,0,1,0,0,0,0,0,0,1,0,0,-99,-99,-99,-99,-99,-99,-99,-99,-99,-99,-99,-99,-99,,0,0,1,0,0,0,0,1,0,0,-99,-99,-99,-99,-99,-99,-99,-99,-99,-99,,1,0,0,0,0,-99,-99,-99,-99,-99,-99,-99,-99,-99,,1,1,1,0,1,0,1,1,0,0,-99,,0,0,0,0,1,1,0,0,0,0,-99,-99,-99,-99,-99,-99,-99,-99,-99,-99,,1,0,0,0,0,1,0,0,0,0,1,0,0,0,0,-99,-99,-99,-99,-99,-99,-99,-99,-99,-99,-99,,0,0,0,0,1,0,0,0,0,1,-99,-99,-99,-99,-99,-99,-99,-99,-99,-99,,1,0,0,0,0,0,0,0,0,1,1,0,0,0,0,1,0,0,0,0,0,0,0,0,1,1,0,0,0,0,-99,-99,-99,-99,-99,-99,-99,-99,-99,-99,-99,-99,-99,-99,,1,0,0,0,0,0,0,0,0,1,1,0,0,0,0,1,0,0,0,0,0,0,0,0,1,1,0,0,0,0,-99,-99,-99,-99,-99,-99,-99,-99,-99,-99,-99,-99,-99,-99,,-99,
R91,100,1280,1,R_1pPKudrF5m4TrUz,25,4,30,50,10,https://www.dimensions.ai/products/all-products/dimensions-knowledge-graph/,1,1,0,0,1,1,0,1,1,1,0,0,0,1,0,1,1,0,-99,-99,-99,-99,-99,1,0,0,1,1,0,0,1,1,0,0,-99,-99,-99,1,2,-99,2,6,-99,1,1,1,0,0,1,1,1,1,0,1,1,0,1,1,0,-99,-99,-99,-99,-99,https://oeg.fi.upm.es/index.php/en/methodologies/59-neon-methodology/index.html,1,1,0,0,0,1,1,0,0,0,1,0,0,0,0,1,1,0,0,0,1,1,0,0,0,-99,-99,-99,-99,-99,-99,-99,-99,-99,-99,-99,-99,-99,,1,1,0,0,0,1,1,0,0,0,-99,-99,-99,-99,-99,-99,-99,-99,-99,-99,,1,1,0,0,0,-99,-99,-99,-99,-99,-99,-99,-99,-99,,1,1,1,1,1,1,1,1,0,0,-99,,1,1,0,0,0,1,1,0,0,0,-99,-99,-99,-99,-99,-99,-99,-99,-99,-99,,1,0,0,0,0,1,1,0,0,0,1,1,0,0,0,-99,-99,-99,-99,-99,-99,-99,-99,-99,-99,-99,,-99,-99,-99,-99,-99,-99,-99,-99,-99,-99,-99,-99,-99,-99,-99,-99,-99,-99,-99,-99,,1,1,0,0,0,1,0,0,0,0,1,0,0,0,0,1,0,0,0,0,1,0,0,0,0,1,0,0,0,0,-99,-99,-99,-99,-99,-99,-99,-99,-99,-99,-99,-99,-99,-99,,1,0,0,0,0,1,0,0,0,0,1,0,0,0,0,1,0,0,0,0,1,0,0,0,0,1,0,0,0,0,-99,-99,-99,-99,-99,-99,-99,-99,-99,-99,-99,-99,-99,-99,,-99,
R93,100,1397,1,R_1L1LQkiVljjvqr7,7,4,1,1,~10,"Internal KG, not available outside the company - https://www.slideshare.net/slideshow/elseviers-healthcare-knowledge-graph/119140443",1,1,0,1,0,1,0,1,1,1,0,0,0,1,1,1,0,0,-99,-99,-99,-99,-99,1,0,1,0,0,0,0,0,1,1,1,-99,-99,Links to paragraphs or sentences in larger documents,1,2,-99,1,,,1,1,0,0,0,1,0,0,0,0,1,1,0,1,1,1,-99,-99,-99,Regular review of updated sources for integration,-99,-99,1,1,1,0,0,1,0,0,0,0,0,0,1,0,0,1,0,1,0,0,1,1,1,0,0,-99,-99,-99,-99,-99,-99,-99,-99,-99,-99,-99,-99,-99,,1,1,1,0,0,1,0,1,0,0,-99,-99,-99,-99,-99,-99,-99,-99,-99,-99,,1,1,1,0,0,-99,-99,-99,-99,-99,-99,-99,-99,-99,,1,0,1,1,1,1,1,1,0,0,-99,,1,1,0,0,0,1,1,1,0,0,-99,-99,-99,-99,-99,-99,-99,-99,-99,-99,,1,1,0,0,0,1,1,0,0,0,1,1,0,0,0,-99,-99,-99,-99,-99,-99,-99,-99,-99,-99,-99,,1,0,1,0,0,1,0,0,0,0,-99,-99,-99,-99,-99,-99,-99,-99,-99,-99,,1,0,0,0,0,-99,-99,-99,-99,-99,0,0,1,0,0,1,0,1,0,0,-99,-99,-99,-99,-99,0,0,1,0,0,-99,-99,-99,-99,-99,-99,-99,-99,-99,-99,-99,-99,-99,-99,,1,0,0,0,0,-99,-99,-99,-99,-99,0,0,1,0,0,1,0,1,0,0,-99,-99,-99,-99,-99,0,0,1,0,0,-99,-99,-99,-99,-99,-99,-99,-99,-99,-99,-99,-99,-99,-99,,-99,
R95,100,475,1,R_37AWw7A7QLZEQ6t,20,4,2,2,0,https://zenodo.org/records/14162432,1,1,0,0,0,0,0,0,0,0,0,1,0,1,0,1,0,0,-99,-99,Explaining AI drug recommendations in cancer,-99,-99,1,0,1,0,0,0,0,1,0,0,0,-99,30 biomedical ontologies,-99,1,2,-99,1,,,1,1,0,0,0,1,1,0,0,0,0,0,0,0,0,0,-99,-99,-99,-99,-99,-99,1,1,0,0,0,1,0,0,0,0,1,0,0,0,0,-99,-99,-99,-99,-99,1,0,0,0,0,-99,-99,-99,-99,-99,-99,-99,-99,-99,-99,-99,-99,-99,,-99,-99,-99,-99,-99,1,0,0,0,0,-99,-99,-99,-99,-99,-99,-99,-99,-99,-99,,0,0,0,0,1,-99,-99,-99,-99,-99,-99,-99,-99,-99,,0,1,1,0,1,0,1,0,0,0,-99,,0,0,0,0,1,0,0,0,0,1,-99,-99,-99,-99,-99,-99,-99,-99,-99,-99,,0,0,0,0,1,0,0,0,0,1,0,0,0,0,1,-99,-99,-99,-99,-99,-99,-99,-99,-99,-99,-99,,0,0,0,0,1,0,0,0,0,1,-99,-99,-99,-99,-99,-99,-99,-99,-99,-99,,0,0,0,0,1,0,0,0,0,1,0,0,0,0,1,0,0,0,0,1,0,0,0,0,1,0,0,0,0,1,-99,-99,-99,-99,-99,-99,-99,-99,-99,-99,-99,-99,-99,-99,,0,0,0,0,1,0,0,0,0,1,0,0,0,0,1,0,0,0,0,1,0,0,0,0,1,0,0,0,0,1,0,0,0,0,1,-99,-99,-99,-99,-99,-99,-99,-99,-99,,-99,
R96,100,1082,1,R_8liYkfcw4h1HSoB,22,4,really hard to answer (10+?),really hard to answer (10+?),really hard to answer (5+?),doi.org/10.1007/978-3-031-60635-9_9,0,1,1,0,1,0,0,0,0,1,1,0,0,0,0,1,0,0,Ontology metrics and comparison across Semantic Media Wikis,-99,-99,-99,Comparison of KGs and their *evolution* over time,0,0,0,1,1,0,0,1,0,0,0,Semantic wikis,100s of Semantic Media wikis,-99,1,4,We formalize constraints on existing KGs.,1,,,0,0,0,0,1,0,0,1,0,1,0,0,1,0,0,0,We analysed existing constraints and schemata (and partially improved the formalization),Added/formalized constraints,"Collection of extracted RDF from non easily accessible Semantic Sources, Crawling, Integration, Linkage (where possible)",-99,"Cralwing, collection, archiving of existing ontologies",-99,0,0,0,0,1,0,0,0,0,1,0,0,1,0,0,0,0,1,0,0,0,0,1,0,0,-99,-99,-99,-99,-99,-99,-99,-99,We collected and republished RDF Data in HDT,-99,-99,-99,-99,,0,0,0,0,1,0,0,1,0,0,-99,-99,-99,-99,-99,-99,-99,-99,-99,-99,,-99,-99,-99,-99,-99,0,0,1,0,0,Ontology metrics avaluation (e.g. Neontometrics),-99,Ontology metrics avaluation (e.g. Neontometrics),-99,"Keeping archives and collections keeps on being a hardly maintainable task in an academic/university context... we keep doing our best, but the reliance on academic efforts and their sustainability remains a weakness of the whole community without dedicated funding and ressources concerning research sustainability.",0,0,1,1,1,0,1,1,0,1,"We do not investigate (yet) the underlying reasons for changes, we just track and monitor them in terms of metric changes)",,0,0,1,0,0,0,0,1,0,0,-99,-99,-99,-99,-99,-99,-99,-99,-99,-99,,-99,-99,-99,-99,-99,0,0,1,0,0,0,0,1,0,0,-99,-99,-99,-99,-99,-99,-99,-99,-99,-99,-99,,0,0,1,0,0,-99,-99,-99,-99,-99,-99,-99,-99,-99,-99,-99,-99,-99,-99,-99,,0,0,0,0,1,0,0,0,0,1,-99,-99,-99,-99,-99,0,0,1,0,0,0,0,1,0,0,0,0,1,0,0,-99,-99,-99,-99,-99,-99,-99,-99,-99,-99,-99,-99,-99,-99,,0,1,0,0,0,0,0,0,0,1,0,0,0,0,1,0,0,1,0,0,0,0,1,0,0,0,0,1,0,0,-99,-99,-99,-99,-99,-99,-99,-99,-99,-99,-99,-99,-99,-99,,-99,
R97,100,1156,1,R_8IAb6TkoD3gFo0T,20,4,4,10,0,NA,NA,NA,NA,NA,NA,NA,NA,NA,NA,NA,NA,NA,NA,NA,NA,NA,NA,NA,NA,NA,NA,NA,NA,NA,NA,NA,NA,NA,NA,NA,NA,NA,NA,NA,NA,NA,NA,2,2,-99,1,,,1,1,0,0,0,1,1,0,1,0,0,0,0,0,1,0,-99,-99,-99,-99,-99,-99,1,0,0,0,0,1,0,0,0,0,1,0,1,0,0,1,0,0,0,0,1,0,1,0,0,-99,-99,-99,-99,-99,-99,-99,-99,-99,-99,-99,-99,-99,,1,0,0,0,0,1,0,0,0,0,-99,-99,-99,-99,-99,-99,-99,-99,-99,-99,,1,0,0,0,0,-99,-99,-99,-99,-99,-99,-99,-99,-99,,1,1,1,1,1,1,1,1,0,0,-99,,1,0,0,0,0,1,0,0,0,0,-99,-99,-99,-99,-99,-99,-99,-99,-99,-99,,1,0,0,0,0,1,0,1,0,0,1,0,1,0,0,-99,-99,-99,-99,-99,-99,-99,-99,-99,-99,-99,,0,0,0,0,1,1,0,0,0,0,-99,-99,-99,-99,-99,-99,-99,-99,-99,-99,,1,0,0,0,0,1,0,1,0,0,1,0,1,0,0,1,0,0,0,0,1,0,1,0,0,1,0,1,0,0,-99,-99,-99,-99,-99,-99,-99,-99,-99,-99,-99,-99,-99,-99,,1,0,0,0,0,1,0,0,0,0,1,0,1,0,0,1,0,0,0,0,1,0,1,0,0,1,0,1,0,0,-99,-99,-99,-99,-99,-99,-99,-99,-99,-99,-99,-99,-99,-99,,-99,
